,acc,precision,recall,f1
0,0.9032967032967033,0.903484069253714,0.9033086623700789,0.9032872434086657
1,0.8917582417582418,0.8944110553545728,0.8918033954877376,0.8915838214540903
2,0.9032967032967033,0.903524277510424,0.9033098699551624,0.9032850241545893
3,0.8983516483516484,0.8985979004755829,0.8983654128310745,0.8983381134851005
4,0.8989010989010989,0.900188855468026,0.8989323740277431,0.8988247379074896
