,K,precision,recall,f1
0,3000,0.4276002719238613,0.347705914870094,0.38353658536585367
